{
  "matmul": {
    "ckks_mae": [
      1.67659e-12,
      1.70871e-12,
      1.77029e-12,
      1.65822e-12,
      1.77626e-12,
      1.61648e-12,
      1.69151e-12,
      1.61481e-12,
      1.7473e-12,
      1.67982e-12
    ],
    "poly_mae": []
  },
  "gelu": {
    "ckks_mae": [
      1.46262e-12,
      1.46501e-12,
      1.47644e-12,
      1.45991e-12,
      1.44647e-12,
      1.47436e-12,
      1.47529e-12,
      1.47615e-12,
      1.47246e-12,
      1.4598e-12
    ],
    "poly_mae": [
      0.00035267,
      0.00035567,
      0.000352604,
      0.000354532,
      0.000353867,
      0.000349255,
      0.000349594,
      0.000353688,
      0.000349114,
      0.000351631
    ]
  },
  "layernorm": {
    "ckks_mae": [
      1.11807e-07,
      1.10889e-07,
      1.09863e-07,
      1.14504e-07,
      1.11876e-07,
      1.1402e-07,
      1.12392e-07,
      1.11321e-07,
      1.11192e-07,
      1.19482e-07
    ],
    "poly_mae": [
      0.000543045,
      0.000532284,
      0.000543261,
      0.000543651,
      0.000543225,
      0.000536409,
      0.000537485,
      0.000546362,
      0.000536165,
      0.000535172
    ]
  },
  "softmax_exp": {
    "ckks_mae": [
      2.26113e-07,
      2.09474e-07,
      2.14112e-07,
      2.15834e-07,
      2.1675e-07,
      2.15522e-07,
      2.11043e-07,
      2.12635e-07,
      2.13908e-07,
      2.11062e-07
    ],
    "poly_mae": [
      0.00298733,
      0.0028728,
      0.00288797,
      0.00289547,
      0.00299342,
      0.00286343,
      0.00289545,
      0.00286733,
      0.00290759,
      0.00293165
    ]
  }
}