,baseline,noisy
arc_easy,0.43813131313131315,0.24831649831649832
hellaswag,0.2891854212308305,0.2545309699263095
mnli,0.337238920020377,0.34151808456444216
piqa,0.6289445048966268,0.515233949945593
social_iqa,0.3664278403275333,0.3382804503582395
sst2,0.5504587155963303,0.5045871559633027
wic,0.49216300940438873,0.4843260188087774
anli,0.3430555555555556,0.324
